image1,image2,image3,image4,video,name,description,category,subcategory,price,discountPercentage,sizes,bestseller,ecoFriendly,quantity
,,,,,Ethnic Print Peplum Top,"green peplum top features golden ethnic motifs,flared silhouette and printed hem",Western Wear,Top,999,0,"S,M,L,XL",FALSE,FALSE,50
,,,,,Ethnic Print Peplum Top,"Stylish aqua blue peplum top featuring delicate floral prints, a round neckline",Western Wear,Top,999,0,"S,M,L,XL",FALSE,FALSE,50
,,,,,Ethnic Print Peplum Top,Black peplum top with gold floral prints and a detailed gold border,Western Wear,Top,999,0,"S,M,L,XL",FALSE,FALSE,50
,,,,,Floral Print Peplum Top,Grey peplum top adorned with intricate multicolor floral and paisley prints,Western Wear,Top,999,0,"S,M,L,XL",FALSE,FALSE,50
,,,,,Etnic Motif Printed Anarkali Kurta with Dupatta,"Vibrant red Anarkali with golden motifs, mirror work detailing, long sleeves, and a matching sheer dupatta",Indian Wear,Kurta Set,1499,0,"S,M,L,XL",TRUE,FALSE,50
,,,,,Floral Embroidered Printed Flex Cotton A-Line Kurta With Trousers,"Cream straight kurta with floral prints, paired with matching pants.",Indian Wear,Kurta Set,1499,0,"S,M,L,XL",FALSE,FALSE,50
,,,,,Floral Ethnic Print Peplum Top,Pink printed babydoll top with three-quarter sleeves and a round neckline.,Western Wear,Top,1199,0,"S,M,L,XL",FALSE,FALSE,50
,,,,,Floral Ethnic Print Peplum Top,"Dark green, round-neck tunic with small red and white diamond motifs.",Western Wear,Top,1199,0,"S,M,L,XL",FALSE,FALSE,50
,,,,,Floral Ethnic Print Peplum Top,Yellow printed high-low hem top with 3/4 sleeves and a round neckline.,Western Wear,Top,1199,0,"S,M,L,XL",FALSE,FALSE,50
,,,,,Floral Ethnic Print Peplum Top,Pink floral printed A-line tunic with 3/4 sleeves.,Western Wear,Top,1199,0,"S,M,L,XL",FALSE,FALSE,50
,,,,,Floral Ethnic Print Peplum Top,"Light grey peplum top with round neck, 3/4 sleeves, subtle floral print, and flared waist.",Western Wear,Top,1199,0,"S,M,L,XL",FALSE,FALSE,50
,,,,,Floral Ethnic Print Peplum Top,"Light mustard yellow peplum top with floral print, round neck, 3/4 sleeves, and a flared, high-low hem.",Western Wear,Top,1199,0,"S,M,L,XL",TRUE,FALSE,50
,,,,,Floral Print Pure Cotton A-Line Kurta With Trousers,vibrant maroon kurta with large white floral prints and matching palazzo pants,Indian Wear,Kurta Set,1599,0,"S,M,L,XL",FALSE,FALSE,50
,,,,,Floral Print Pure Cotton A-Line Kurta With Trousers,vibrant blue kurta with large white floral prints and matching palazzo pants,Indian Wear,Kurta Set,1599,0,"S,M,L,XL",TRUE,FALSE,50
,,,,,Floral Print Pure Cotton A-Line Kurta With Trousers,vibrant mustard yellow kurta with large white floral prints and matching palazzo pants,Indian Wear,Kurta Set,1599,0,"S,M,L,XL",FALSE,FALSE,50
,,,,,Floral Print Pure Cotton A-Line Kurta With Trousers,vibrant yellow kurta set featuring a floral print in white with button-down front and matching palazzo pants,Indian Wear,Kurta Set,1599,0,"S,M,L,XL",FALSE,FALSE,50
,,,,,Floral Print Pure Cotton A-Line Kurta With Trousers,two-piece outfit featuring a dark green base with large cream floral prints paired with matching wide-leg pants,Indian Wear,Kurta Set,1599,0,"S,M,L,XL",FALSE,FALSE,50
,,,,,Floral Print Ethnic Peplum Top, Cream-colored floral peplum top with small pink and green floral prints ,Western Wear,Top,1199,0,"S,M,L,XL",FALSE,FALSE,50
,,,,,Floral Printed Round Neck A-line Cotton Kurta,"stylish, knee-length piece in a soft pink color with an intricate white traditional print.",Indian Wear,Kurta,1299,0,"S,M,L,XL",FALSE,FALSE,50
,,,,,Floral Printed Round Neck A-line Cotton Kurta,"vibrant mustard yellow, knee-length design featuring traditional leaf block prints in contrasting tones.",Indian Wear,Kurta,1299,0,"S,M,L,XL",FALSE,FALSE,50
,,,,,Floral Printed Shirt Collar Pure Cotton A-Line Kurta With Trousers,"rust-red cotton kurta set featuring floral embroidery,front pockets paired with matching straight pants.",Indian Wear,Kurta Set,1499,0,"S,M,L,XL",FALSE,FALSE,50
,,,,,Geometric Print Pure Cotton A-Line Kurta With Trousers,bold geometric circular print in white and rust orange kurta with front buttons and wide-leg palazzo pants,Indian Wear,Kurta Set,1499,0,"S,M,L,XL",FALSE,FALSE,50
,,,,,Geometric Print Pure Cotton A-Line Kurta With Trousers,bold geometric circular print in white and violet kurta with front buttons and wide-leg palazzo pants,Indian Wear,Kurta Set,1499,0,"S,M,L,XL",FALSE,FALSE,50
,,,,,Geometric Print Pure Cotton A-Line Kurta With Trousers,bold geometric circular print in white and pink kurta with front buttons and wide-leg palazzo pants,Indian Wear,Kurta Set,1499,0,"S,M,L,XL",FALSE,FALSE,50
,,,,,Geometric Print Pure Cotton A-Line Kurta With Trousers,"Blue ikat print kurta set with a V-neck, three-quarter sleeves, and matching straight pants.",Indian Wear,Kurta Set,1499,0,"S,M,L,XL",FALSE,FALSE,50
,,,,,Geometric Print Peplum Top,Checkered peplum top with a round neckline and Flared hem,Western Wear,Top,999,0,"S,M,L,XL",FALSE,FALSE,50
,,,,,Geometric Print Peplum Top,Beige and black checked peplum top with three-quarter sleeves and decorative buttons on the front.,Western Wear,Top,999,0,"S,M,L,XL",FALSE,FALSE,50
,,,,,Geometric Print Peplum Top,vibrant checkered tunic top with 3/4 sleeves and  a round neckline,Western Wear,Top,999,0,"S,M,L,XL",FALSE,FALSE,50
,,,,,Geometric Print Peplum Top,Blue checkered flowy top with three-quarter sleeves and decorative buttons.,Western Wear,Top,999,0,"S,M,L,XL",TRUE,FALSE,50
,,,,,Women Cotton Palazzo Pant,"bright red, wide-leg palazzo pants with an elastic waistband",Indian Wear,Plazo Pants,799,0,"S,M,L,XL",FALSE,FALSE,50
,,,,,Women Cotton Palazzo Pant,"black, wide-leg palazzo pants with an elastic waistband",Indian Wear,Plazo Pants,799,0,"S,M,L,XL",TRUE,FALSE,50
,,,,,Women Cotton Palazzo Pant,"light pink base with floral prints, wide-leg palazzo pants with an elastic waistband",Western Wear,Plazo Pants,799,0,"S,M,L,XL",FALSE,FALSE,50
,,,,,Printed Pure Cotton Top,Sleeveless button-down top with purple and white geometric circle pattern.,Western Wear,Top,799,0,"S,M,L,XL",FALSE,FALSE,50
,,,,,Printed Pure Cotton Top,Sleeveless button-down top with an orange and white geometric circle pattern.,Western Wear,Top,799,0,"S,M,L,XL",FALSE,FALSE,50
,,,,,Printed Pure Cotton Top,sleeveless top with yellow A-line top featuring a bold white floral and ornamental pattern.,Western Wear,Top,799,0,"S,M,L,XL",FALSE,FALSE,50
,,,,,Printed Pure Cotton Top,sleeveless top with purple A-line top featuring a bold white floral and ornamental pattern.,Western Wear,Top,799,0,"S,M,L,XL",FALSE,FALSE,50
,,,,,Printed Pure Cotton Top,"Sleeveless pink top with white floral prints, front button-down design, and a slightly flared hem.",Western Wear,Top,799,0,"S,M,L,XL",FALSE,FALSE,50
,,,,,Printed Straight Rayon Kurta With Trousers & Dupatta,"Black rayon kurta with printed elephant yoke and embellishments, paired with matching palazzo pants and a coordinating printed dupatta.",Indian Wear,Suit Set,1499,0,"S,M,L,XL",FALSE,FALSE,50
,,,,,Printed Straight Rayon Kurta With Trousers & Dupatta,"stunning black Anarkali suit features intricate silver embroidery and a flowy, flattering design",Indian Wear,Kurta Set,1499,0,"S,M,L,XL",FALSE,FALSE,50
,,,,,Printed Straight Rayon Kurta With Trousers & Dupatta,"blue rayon kurta set with a V-neck, button detailing, straight pants, and a matching patterned dupatta",Indian Wear,Suit Set,1399,0,"S,M,L,XL",FALSE,FALSE,50
,,,,,Printed Straight Rayon Kurta With Trousers & Dupatta,"pink rayon kurta set with a V-neck, button detailing, straight pants, and a matching patterned dupatta",Indian Wear,Suit Set,1399,0,"S,M,L,XL",FALSE,FALSE,50
,,,,,Printed Straight Rayon Kurta With Trousers & Dupatta,"Emarld rayon kurta set with a V-neck, button detailing, straight pants, and a matching patterned dupatta",Indian Wear,Suit Set,1399,0,"S,M,L,XL",FALSE,FALSE,50
,,,,,Printed Straight Rayon Kurta With Trousers & Dupatta,"Brown rayon kurta set with a V-neck, button detailing and straight pants",Indian Wear,Kurta Set,1299,0,"S,M,L,XL",TRUE,FALSE,50
,,,,,Shirt-Collar Flex Cotton Kurta with Trouser,Brown colored Flex Cotton two-piece set with a long kurta featuring a white abstract horse design and matching straight pants.,Western Wear,CORD Sets,1999,0,"S,M,L,XL",TRUE,FALSE,50
,,,,,Shirt-Collar Flex Cotton Kurta with Trouser,Mustard yellow colored Flex Cotton two-piece set with a long kurta featuring a white abstract horse design and matching straight pants.,Western Wear,CORD Sets,1999,0,"S,M,L,XL",FALSE,FALSE,50
,,,,,Shirt-Collar Flex Cotton Midi Dress,flex cotton collared midi dress in a muted gray color with unique white abstract floral embroidery design ,Western Wear,Dress,1299,0,"S,M,L,XL",FALSE,FALSE,50
,,,,,Shirt-Collar Flex Cotton Midi Dress,cream-colored cotton midi dress with delicate floral embroidery in red and black on the bodice and sleeves,Western Wear,Dress,1499,0,"S,M,L,XL",FALSE,FALSE,50
,,,,,Shirt-Collar Flex Cotton Midi Dress,cream-colored cotton midi dress with delicate floral embroidery in yellow and blue on the bodice and sleeves,Western Wear,Dress,1499,0,"S,M,L,XL",FALSE,FALSE,50
,,,,,Shirt-Collar Flex Cotton Midi Dress,"plum-colored, flex cotton midi with a collared V-neck,plum-colored, flex cotton midi with a collared V-neck with side pockets",Western Wear,Dress,1499,0,"S,M,L,XL",FALSE,FALSE,50
,,,,,Shirt-Collar Flex Cotton Midi Dress,Orange cotton midi dress with 3/4 sleeves and white line art floral design,Western Wear,Dress,1499,0,"S,M,L,XL",FALSE,FALSE,50
,,,,,Women A-Line Regular Rayon Kurta,"Rayon Kurta: Plum V-neck with gold buttons, three-quarter sleeves and subtle patterned cuffs",Indian Wear,Suit Set,1199,0,"S,M,L,XL",FALSE,FALSE,50
,,,,,Women A-Line Regular Rayon Kurta with Trouser and Dupatta,"brown rayon kurta set with a V-neck, button detailing, straight pants, and a matching patterned dupatta",Indian Wear,Suit Set,1399,0,"S,M,L,XL",FALSE,FALSE,50
,,,,,Women Anarkali Pure Cotton Kurta with Trousers ,red kurta with a geometric and floral print pattern paired with beige palazzo pants featuring a brown floral design,Indian Wear,Top,1599,0,"S,M,L,XL",TRUE,FALSE,50
,,,,,Women Embroidered Printed Regular Flex Cotton Kurta with Palazzos ,cream-colored flex cotton kurta with colorful floral embroidery on the sleeves and one side of the front panel Paired with matching straight-fit pants,Indian Wear,Kurta Set,1499,0,"S,M,L,XL",FALSE,FALSE,50
,,,,,Women Embroidered Printed Regular Flex Cotton Kurta with Palazzos ,cream-colored flex cotton kurta set featuring red floral line embroidery paired with matching straight pants,Indian Wear,Kurta Set,1499,0,"S,M,L,XL",FALSE,FALSE,50
,,,,,Women Embroidered Printed Sleeveless Flex Cotton Kurta with Palazzos ,"sleeveless mustard yellow flex cotton kurta set with colorful, appliqué floral designs and straight-fit pants",Indian Wear,Kurta Set,1699,0,"S,M,L,XL",FALSE,FALSE,50
,,,,,Women Embroidered Printed Sleeveless Flex Cotton Kurta with Palazzos ,"sleeveless blue flex cotton kurta set with colorful, appliqué floral designs and straight-fit pants",Indian Wear,Kurta Set,1699,0,"S,M,L,XL",TRUE,FALSE,50
,,,,,Women Embroidered Printed Sleeveless Flex Cotton Kurta with Palazzos ,"Green flex cotton kurta with white embroidery on the front yoke, sleeves, and placket paired with straight fit pant",Indian Wear,Kurta Set,1899,0,"S,M,L,XL",FALSE,FALSE,50
,,,,,Women Embroidered Printed Sleeveless Flex Cotton Kurta with Palazzos ,sleeveless sky blue flex cotton kurta set with colorful geometric floral embroidery on the front paired with matching straight-fit pants,Indian Wear,Kurta Set,1699,0,"S,M,L,XL",FALSE,FALSE,50
,,,,,Women Embroidered Printed Sleeveless Flex Cotton Kurta with Palazzos ,"blue flex cotton kurta with white embroidery on the front yoke, sleeves, and placket paired with straight fit pant",Indian Wear,Kurta Set,1899,0,"S,M,L,XL",FALSE,FALSE,50
,,,,,Women Embroidered Printed Sleeveless Flex Cotton Kurta with Palazzos & Dupatta,sleeveless light pink flex cotton kurta set with colorful geometric floral embroidery on the front paired with matching straight-fit pants,Indian Wear,Kurta Set,1699,0,"S,M,L,XL",FALSE,FALSE,50
,,,,,Women Ethnic Motifs Printed Straight Kurta,deep maroon kurta in cotton fabric with a mandala-style floral print in contrasting shade,Western Wear,Kurta,1199,0,"S,M,L,XL",FALSE,FALSE,50
,,,,,Women Ethnic Motifs Printed Straight Kurta,a  vibrant mustard and brown fan-like floral print throughout cotton kurta,Western Wear,Kurta,1199,0,"S,M,L,XL",FALSE,FALSE,50
,,,,,Women Ethnic Motifs Printed Straight Kurta,a  vibrant red and green fan-like floral print throughout cotton kurta,Western Wear,Kurta,1199,0,"S,M,L,XL",FALSE,FALSE,50
,,,,,Women Ethnic Motifs Printed Straight Kurta,black kurta in cotton fabric with a mandala-style floral print in contrasting shade,Western Wear,Kurta,1199,0,"S,M,L,XL",FALSE,FALSE,50
,,,,,Women Etnic Motifs Regular Pure Cotton Kurta with Trousers & With Dupatta,mustard yellow and cream cotton salwar kameez set featuring traditional block prints,Indian Wear,Suit Set,1399,0,"S,M,L,XL",FALSE,FALSE,50
,,,,,Women Floral Embroidered Flared Sleeve Fit & Flare Dress,"Navy blue knee-length dress with beige floral embroidery, bell sleeves, and tassel ties.",Western Wear,Top,1599,0,"S,M,L,XL",FALSE,FALSE,50
,,,,,Women Floral Embroidered Flared Sleeve Fit & Flare Dress,Pastel striped embroidered dress with bell sleeves and pom-pom trim.,Western Wear,Top,1599,0,"S,M,L,XL",FALSE,FALSE,50
,,,,,Women Floral Embroidered Flared Sleeve Fit & Flare Dress,Pastel striped embroidered dress with bell sleeves and pom-pom trim.,Western Wear,Top,1599,0,"S,M,L,XL",TRUE,FALSE,50
,,,,,Women Floral Embroidered Roman Silk Kurta with Trousers & With Dupatta,"olive green Roman silk suit set featuring a flared, pleated kurta with decorative buttons, and intricate white embroidery ,paired with a matching solid dupatta with scalloped edges and straight pants",Indian Wear,Suit Set,4999,0,"S,M,L,XL",TRUE,FALSE,50
,,,,,Women Floral Embroidered Roman Silk Kurta with Trousers & With Dupatta,"vibrant orange Roman silk suit featuring a pleated kurta with gold buttons, and colorful floral embroidery, paired with a matching plain dupatta and straight pants",Indian Wear,Suit Set,4999,0,"S,M,L,XL",TRUE,FALSE,50
,,,,,Women Floral Embroidered Roman Silk Kurta with Trousers & With Dupatta,"olive green Roman silk suit with a pleated kurta with red buttons, and colorful floral embroidery, paired with a matching plain dupatta with scalloped edges and straight pants",Indian Wear,Suit Set,4999,0,"S,M,L,XL",FALSE,FALSE,50
,,,,,Women Floral Embroidered Roman Silk Kurta with Trousers & With Dupatta,"vibrant red Roman silk suit featuring a pleated kurta with gold buttons, and colorful, bold floral embroidery, paired with a matching plain dupatta and straight pants",Indian Wear,Suit Set,4999,0,"S,M,L,XL",TRUE,FALSE,50
,,,,,Women Floral Embroidered Roman Silk Kurta with Trousers & With Dupatta,"deep maroon Roman silk suit with a pleated kurta with white buttons, and intricate white embroidery, paired with a matching plain dupatta with scalloped edges and straight pants",Indian Wear,Suit Set,4999,0,"S,M,L,XL",FALSE,FALSE,50
,,,,,Women Floral Printed Regular Cotton Kurta with Trousers,turquoise blue kurta set with white floral prints and paired with matching printed straight pants,Indian Wear,Kurta Set,1499,0,"S,M,L,XL",FALSE,FALSE,50
,,,,,Women Floral Printed Regular Cotton Kurta with Trousers,brown kurta set with bold white floral prints paired with matching printed straight pants ,Indian Wear,Kurta Set,1499,0,"S,M,L,XL",FALSE,FALSE,50
,,,,,Women Floral Printed Straight Kurta,"vibrant floral print in pink, peach, and beige tones",Western Wear,Kurta,1199,0,"S,M,L,XL",FALSE,FALSE,50
,,,,,Women Floral Printed Straight Kurta,"red A-line design with large beige floral prints, featuring a round neckline and three-quarter sleeves.",Indian Wear,Kurta,1199,0,"S,M,L,XL",FALSE,FALSE,50
,,,,,Women Floral Printed Straight Kurta,"mustard yellow kurta with an abstract floral print, featuring a round neckline and three-quarter sleeves.",Indian Wear,Kurta,1199,0,"S,M,L,XL",FALSE,FALSE,50
,,,,,Women Floral Printed Straight Kurta,"kurta features a dark teal base with a vibrant pink and peach floral print, a round neckline, and three-quarter sleeves.",Western Wear,Kurta,1199,0,"S,M,L,XL",FALSE,FALSE,50
,,,,,Women Floral Printed Straight Kurta,"light turquoise color kurta with bright pink floral prints, featuring a round neckline, front buttons, and three-quarter sleeves with lace trim",Western Wear,Kurta,1199,0,"S,M,L,XL",FALSE,FALSE,50
,,,,,Women Floral Printed Straight Kurta,"mustard yellow kurta with a floral print in shades of pink and white, front buttons, and three-quarter sleeves with lace detailing.",Western Wear,Kurta,1199,0,"S,M,L,XL",FALSE,FALSE,50
,,,,,Women Floral Printed Straight Kurta,"bright red kurta  with a white abstract floral print, front buttons, and three-quarter sleeves with lace trim.",Indian Wear,Kurta,1199,0,"S,M,L,XL",FALSE,FALSE,50
,,,,,Women Geometric Printed V-Neck Regular Cotton Kurta with Trousers,"Black ikat print kurta set with a V-neck, three-quarter sleeves, and matching straight pants.",Indian Wear,Kurta Set,1499,0,"S,M,L,XL",FALSE,FALSE,50
,,,,,Women Geomtric Print Regular Pure Cotton Kurta with Trousers & With Dupatta,"patchwork-style kurta in muted shades of beige, brown, and lavender, paired with mustard pants and a matching dupatta featuring large leaf motifs",Indian Wear,Suit Set,1399,0,"S,M,L,XL",FALSE,FALSE,50
,,,,,Women Printed Regular Pure Cotton Kurta with Trousers,"navy blue and beige printed kurta with a geometric floral pattern, three-quarter sleeves, side slits, and paired with solid navy blue pants featuring a matching printed border.",Indian Wear,Kurta Set,1299,0,"S,M,L,XL",FALSE,FALSE,50
,,,,,Women Printed Regular Pure Cotton Kurta with Trousers,"red and beige printed kurta with a geometric floral pattern, three-quarter sleeves, side slits, and paired with solid navy blue pants featuring a matching printed border.",Indian Wear,Kurta Set,1299,0,"S,M,L,XL",FALSE,FALSE,50
,,,,,Women Printed Regular Pure Cotton Kurta with Trousers,"deep purple kurta with a gold paisley print, featuring a round neckline, three-quarter sleeves, side slits, and paired with matching purple pants.",Indian Wear,Kurta Set,1299,0,"S,M,L,XL",FALSE,FALSE,50
,,,,,WomenFloral Print Regular Pure Cotton Kurta with Trousers & With Dupatta,WhiteFloral Print Cotton Kurta with Straight fit pants  & With printed Dupatta,Indian Wear,Plazo Pants,1399,0,"S,M,L,XL",FALSE,FALSE,50
,,,,,Women Thread Work Embroidery kurta,"turquoise blue kurta with white block prints and embroidery, featuring a round neckline with three-quarter sleeves and side slits",Western Wear,Kurta,1199,0,"S,M,L,XL",FALSE,FALSE,50
,,,,,Women Yoke Design Rayon Kurta,"deep blue rayon kurta with a mandarin collar, three-quarter sleeves featuring printed cuffs, and a patterned placket",Indian Wear,Kurta,799,0,"S,M,L,XL",FALSE,FALSE,50
,,,,,Women Yoke Design Rayon Kurta,"pink rayon kurta with a mandarin collar, three-quarter sleeves featuring printed cuffs, and a patterned placket",Western Wear,Kurta,799,0,"S,M,L,XL",FALSE,FALSE,50
,,,,,Women Yoke Design Rayon Kurta,"black rayon kurta with a mandarin collar, three-quarter sleeves featuring printed cuffs, and a patterned placket",Western Wear,Kurta,799,0,"S,M,L,XL",FALSE,FALSE,50
,,,,,Women Yoke Design Rayon Kurta,"emrald green rayon kurta with a mandarin collar, three-quarter sleeves featuring printed cuffs, and a patterned placket",Western Wear,Kurta,799,0,"S,M,L,XL",FALSE,FALSE,50
,,,,,WomenFloral Print Regular Cotton Kurta with Trousers,"light blue kurta set with large white floral prints, featuring three-quarter sleeves, a V-neckline, and matching printed straight pants",Indian Wear,Kurta Set,1499,0,"S,M,L,XL",FALSE,FALSE,50
,,,,,WomenFloral Print Regular Cotton Kurta with Trousers,"light purple kurta set with large white floral prints, featuring three-quarter sleeves, a V-neckline, and matching printed straight pants",Indian Wear,Kurta Set,1499,0,"S,M,L,XL",FALSE,FALSE,50
,,,,,WomenFloral Print Regular Cotton Kurta with Trousers,"peach kurta set with large red and beige floral prints, featuring three-quarter sleeves, a V-neckline, and matching printed straight pants",Indian Wear,Kurta Set,1499,0,"S,M,L,XL",FALSE,FALSE,50
,,,,,WomenFloral Print Regular Cotton Kurta with Trousers,"a bold purple and white floral damask pattern kurta featuring three-quarter sleeves, a V-neckline, and matching printed straight pants",Indian Wear,Kurta Set,1499,0,"S,M,L,XL",FALSE,FALSE,50
,,,,,WomenFloral Print Regular Cotton Kurta with Trousers,"a bold red and beige floral pattern kurta featuring three-quarter sleeves, a V-neckline, and matching printed straight pants",Indian Wear,Kurta Set,1499,0,"S,M,L,XL",TRUE,FALSE,50
,,,,,WomenFloral Print Regular Cotton Kurta with Trousers,"mustrad yellow base with beige floral pattern kurta featuring three-quarter sleeves, a V-neckline, and matching printed straight pants",Indian Wear,Kurta Set,1499,0,"S,M,L,XL",FALSE,FALSE,50
,,,,,WomenFloral Print Regular Cotton Kurta with Trousers,"brown base with beige floral pattern kurta featuring three-quarter sleeves, a V-neckline, and matching printed straight pants",Indian Wear,Kurta Set,1499,0,"S,M,L,XL",FALSE,FALSE,50
,,,,,WomenFloral Print Regular Pure Cotton Kurta with Trousers & With Dupatta,"brown rayon kurta set with a V-neck, button detailing, straight pants, and a matching patterned dupatta",Indian Wear,Suit Set,1599,0,"S,M,L,XL",FALSE,FALSE,50
,,,,,WomenFloral Print Regular Pure Cotton Kurta with Trousers & With Dupatta,"long kameez (tunic) with matching straight pants and a coordinated dupatta (scarf), all in a blue and white floral pattern",Indian Wear,Suit Set,1599,0,"S,M,L,XL",FALSE,FALSE,50
